,Medialness,Angle,Orthogonality
0,0.9626064788041491,0.1398570615911301,0.3970943462257146
0,0.9449761555702239,0.12807299598519342,0.33211585727921894
0,0.9587810204176758,0.14769912435336263,0.247208539524255
0,1.0006919734006177,0.22612021824762757,0.34088415921661863
0,1.0232300530661669,0.15755232723105345,0.28698715938011965
0,0.9802475226869756,0.13663777120131548,0.2052069927101769
0,0.9700343802838695,0.23285877287985762,0.2963661599465298
0,0.968790524006309,0.13675751639903155,0.41126403591236876
0,0.9606096373318782,0.13320851156121438,0.23362760825183407
0,0.9710131234674158,0.16623614426686778,0.2267203675824486
0,0.9770892071945467,0.17989965999793964,0.2827032705742422
0,0.9734480754437843,0.17018510562573946,0.28533983923649503
0,1.0087989449838985,0.1821376717251036,0.2228805012115716
0,0.9977893285910973,0.16074352055770347,0.3018600566514403
0,0.9598540320271872,0.12216222800400625,0.2680366310153821
0,0.9417319599731564,0.1707882906191059,0.40311073639017947
0,0.984057056120309,0.12107513499223747,0.39112668547103885
0,0.9565418859378005,0.11921969181780664,0.2700966777923461
0,0.9541550114718476,0.12120930114451767,0.3068951234708101
0,0.9929775179321473,0.1559205995671649,0.26209234939673587
0,0.9675747322142416,0.15580694001801831,0.3443948520761729
0,0.983846043661522,0.20125662722927373,0.3000478429220009
0,0.9648271871759714,0.17776961800788693,0.3117029190006446
0,1.0300185109016693,0.19819309299424248,0.36996996783254504
0,1.1177381054590347,0.315111944665119,0.2865423802840446
0,0.9625037405597654,0.15679015378852396,0.2579363413613646
0,0.9580065482664869,0.13501099053900062,0.41376801562233684
0,0.9887558890931213,0.17269148512961932,0.2734188313590507
0,0.9725536742287059,0.13412225988626703,0.2174638094354261
0,0.9962970466169526,0.1942352174312572,0.25828564490433903
0,0.9892812256759156,0.18265248400320955,0.3057372158347812
0,1.0059167770539372,0.2108168803565129,0.21428632270220876
0,1.0031136609418116,0.14376129507833502,0.3709795950682971
0,1.0399870548302617,0.2195268111690035,0.3162451869185379
0,1.044475593762648,0.20812801405023088,0.36610525781748676
0,1.027530619970577,0.23343530797224565,0.45627344786803653
0,0.95129986381064,0.10956085072079905,0.23797882895241293
0,0.9808185520029894,0.18028216782463988,0.34298233927242283
0,0.9500638939640758,0.153298506743075,0.37257729751075197
0,0.9536107958209294,0.17445421156501953,0.2514717660440583
0,0.96266398539921,0.1842077627752041,0.2799158052426373
0,0.9565792498910469,0.1431628630391779,0.315380124217018
0,0.9795280480142631,0.19101473351451573,0.3731720752842127
0,0.9796096305931893,0.1546763912549621,0.255366643912878
0,0.9999430249500157,0.1590790213843845,0.3158034359840084
0,1.029532323083179,0.17148783297559872,0.3421277868212851
0,0.9591689037656147,0.12926766340348958,0.23586158270083984
0,0.971642984429211,0.24475334310825195,0.32662226117335946
0,1.0126751360662425,0.1772424963014807,0.38914273014278894
0,0.9742898814617436,0.1278894647978829,0.2680308347387089
0,0.9630803314864849,0.26071347353992474,0.40119640394858724
0,0.9673166671289236,0.13594731970677398,0.2966249601681962
0,1.0180117761597895,0.18728945294762717,0.2828002253653432
0,1.0186914321594633,0.2025579817971457,0.3545628341196016
0,0.9403455753749662,0.1938777590450866,0.2773159273108108
0,1.1066438694481326,0.30870044995533896,0.28724699044359997
0,0.9727281771033254,0.2172769762074154,0.30867742897191547
0,0.9678850592626469,0.14231824374232355,0.3604732143085012
0,0.9749683685651948,0.12382517176716887,0.28754909664893585
0,0.9783021571028534,0.317696782990468,0.350759294676121
0,1.010240693723075,0.17410095242700477,0.24069112366742434
0,1.0173758129255785,0.18682876478942373,0.27635631796260923
0,0.9587558293494312,0.12682079897953732,0.3818635008311994
0,0.9761595373550402,0.16959881481922967,0.25938184167472605
0,0.9506485642612786,0.14653627630234548,0.3288519778596081
0,1.0068399808761122,0.18280521665115648,0.35814454709850246
0,1.0195660630578136,0.1732346661860767,0.28139294259951614
0,0.9520519907598133,0.12012127659504321,0.35181623453760535
0,0.9564221685364084,0.15290184629811504,0.3266973119888613
0,0.994195720705335,0.16407716769956796,0.3443983204605725
0,0.9663178966983003,0.1669628964780997,0.35856658977776806
0,0.9695914348296215,0.17560890022073386,0.2752955907513174
0,0.9797082452364463,0.13514580529787448,0.27663066704764827
0,1.0039702919991496,0.15360763622138582,0.30026263902527617
0,0.949120748265021,0.11289879249989257,0.3149843072679375
0,0.9487351795707343,0.10420975953341848,0.32669943306414695
0,0.9850778082402445,0.19821639764378526,0.3162857950442688
0,0.9880603120337612,0.17843639132437963,0.4589450065907885
0,0.9576245274900373,0.17748050819651953,0.3422178269707523
0,1.0131138469551888,0.18117653506230735,0.3312321771937626
0,0.9499162290862347,0.11311932806510144,0.26065108670461234
0,0.9369284331616404,0.16592334194617137,0.4037923976479786
0,1.0149043393071886,0.1450584581135212,0.3252900011385214
0,0.9933697411198606,0.16626565027126705,0.3277450752117154
0,0.9493077664797891,0.15444136979989556,0.46824028544291685
0,0.9616377752730756,0.17821546690560075,0.29605579655187036
0,0.9761248675133147,0.14696626706287846,0.36564266074512947
0,0.9672537744622863,0.14478189449147164,0.22122180023237004
0,0.9503453987021425,0.16477013361614637,0.5135220352382008
0,0.9591282937364121,0.16115063372635585,0.2850924446408725
0,0.9745672873902843,0.15214807641110267,0.2771958569788675
0,0.9887075631022405,0.1431782821260098,0.2312023876563634
0,0.9926162055585693,0.14555769575493363,0.3653617833370565
0,0.9503430356712156,0.10898256415253454,0.2767065776766871
0,1.014389689472518,0.19200518367910085,0.4229797187477228
0,0.9660995495378691,0.16186762324355225,0.27621504164010013
0,1.0160755815323341,0.20493174838703274,0.32716143782286594
0,0.9761496468058422,0.17587021000027744,0.3386717527980812
0,0.9669610067516978,0.19593189011548828,0.26925800030194164
0,0.9934218012474285,0.16530079166208256,0.34386549634061003
0,0.9939284816625323,0.15298828404989892,0.45978041814143855
0,0.9826307855925961,0.17677037040165028,0.29566628656890903
0,0.9709125138054943,0.15966414554630087,0.4001965927167687
0,0.9809431997929237,0.12854521478038844,0.29303430042208567
0,0.9826671247804734,0.1552197555143383,0.31928622840425824
0,1.0482573224876748,0.2170361077811157,0.3016690844461159
0,0.9906385179891103,0.17868325195805337,0.31507238082977573
0,0.9663266478242646,0.15460759209613067,0.2564832238326093
0,0.9959293224149665,0.15553065011291453,0.2703038058604086
0,0.951790301000473,0.10705034734372254,0.34544631944293785
0,1.0126256060352206,0.2904704958918886,0.4332422125355567
0,0.9942978435365764,0.1418003775632923,0.24068245174882824
0,0.9574774202956168,0.3240020464037896,0.6175779727465195
0,0.9919936329696862,0.23360803365109506,0.41923928881889516
0,1.0010922260112718,0.1992192632133899,0.27482754545033045
0,1.055284325963184,0.1929579250201977,0.36578971563980406
0,0.9577526930796108,0.11924161883663315,0.38806115113659956
0,0.9576467922771754,0.13868292317848244,0.2871468427300838
0,0.9613718032146958,0.11904314385360724,0.287680398957121
0,0.9796042523416726,0.15768100485928263,0.2883993545719346
0,0.9629568198755324,0.1527108166727171,0.3251108936445303
0,0.9968447256103123,0.15509717825474226,0.344732558076423
0,1.0477962446378843,0.20963838354975944,0.41771189222608524
0,0.9691283632282375,0.1702409010113683,0.332628916063663
0,0.9732923209121844,0.11978104740101804,0.3191709229361196
0,1.0056280121369736,0.15285823008906058,0.3350373347719742
0,0.9608421019407961,0.1891987774416954,0.32986421151543155
0,0.9842338963228868,0.20700774959792786,0.31949221957887863
0,1.0028049128208738,0.15884444593890046,0.33651701461443195
0,0.9709458595302806,0.1738377511294602,0.27967194512801036
0,0.9830259182755748,0.17283778561436391,0.33260851297389527
0,1.0375917207632779,0.25214015135258666,2.405600181219444
0,0.956948039887347,0.11940973958775106,0.405383213952463
0,0.9601607511844387,0.17674164230050524,0.32499651030643384
0,1.0192162877094535,0.1919481668051035,0.2784992125491095
0,0.9977456182716273,0.24218326209215602,0.36021663830122524
0,0.9446255529278751,0.15774709098901588,0.452623022057403
0,0.9630666879108459,0.22343139021566844,0.5194866068564007
0,1.0010714250205999,0.19845599468456063,0.33515774218577804
0,0.9838132136601905,0.15696269559559017,0.27838971448161304
0,0.9554023515505422,0.13717238063866735,0.2524963011290391
0,0.9778594167931322,0.17181131690517165,0.25411664087560937
0,0.948605756859993,0.11807791293649543,0.3515015282098523
0,0.9518824265528789,0.1717950063407008,0.31746818857898457
0,0.9734974942683294,0.16866198251690068,0.25728675838409365
0,1.0046602385604317,0.26489718826150427,0.2805278405564107
0,0.989865374760996,0.20169753863931786,0.257463679991764
0,0.9715010359393846,0.15353898367592964,0.3301193834720982
0,0.9710987575579512,0.20682393888203374,0.40952909618119765
0,1.0036490171184405,0.17926264453621107,0.3243569701816421
0,0.959809109569104,0.11776634294225788,0.24425203928567835
0,1.0456626243968143,0.18183913808503493,0.3827329495142462
0,1.0036355686429137,0.1856227114396382,0.34085298313602513
0,0.9933433457076398,0.13953315423388116,0.35576127878892666
0,1.0229522791825318,0.1628791720524948,0.39520744174273675
0,0.9747602713423666,0.1424900942341936,0.3518597907569556
0,1.0276957365842212,0.2034693371670818,0.2132686351846209
0,0.9819089546889376,0.1854218647326906,0.26485043377414297
0,0.9724111726767231,0.1377338751036249,0.3810817576911745
0,0.9953415949546478,0.15934302458971766,0.23178674190121126
0,0.9875170259140014,0.18480371731832002,0.24245724921737946
0,1.2329655064863962,0.4284872865615095,0.4725255721072919
0,0.9787964936726198,0.13698434806981594,0.2513619798082565
0,1.088781991237139,0.2360898899630828,0.33220088593695624
0,0.9814491815831452,0.1686753660814417,0.26231532267368723
0,1.019454326374142,0.15340614217000764,0.3344154661171258
0,0.9576322826071804,0.12991369899761776,0.24061663368489114
0,0.9841615341439908,0.13874859026000821,0.2975167762802909
0,1.000462483178819,0.20684731471231227,0.41812752453491864
0,0.9783747678904654,0.136713577582972,0.2095982245953926
0,1.0064619746821,0.18442824005993555,0.3700215992306394
0,1.039172797007477,0.21718224213346235,0.24891287767918918
0,1.0216281810215042,0.250945777398509,0.45265260859576534
0,1.0246730491280516,0.15382421966299287,0.3375856170454118
0,1.0121442118161745,0.1658138840865016,0.26130329477456343
0,0.9790020750880762,0.1203510590896112,0.32314543660983447
0,0.9544821179888917,0.16807341705425827,0.286384621821709
0,1.0383920651832472,0.22359460743916565,0.2582990339269047
0,0.9873724631893076,0.14964619322945408,0.24349586514833135
0,0.9682228538035722,0.19008713590558457,0.28005733074073924
0,0.9792989583956901,0.1625955503820612,0.2199714444899707
0,0.9941306084456617,0.14445794637737375,0.34782533582338676
0,0.9938828132045425,0.16343370546222336,0.3235595606166489
0,0.9587170840808918,0.1123094565726525,0.24822254558242743
0,0.9520412569621982,0.13352697527876628,0.355144371075289
0,0.967836964359381,0.16755136690623235,0.2554294443542585
0,1.0047564771994728,0.18301623844355977,0.5272280304130328
0,0.9425343254107157,0.12144127979251139,0.3380603848873252
0,0.9495668639996668,0.13757683028445847,0.29081590839866595
0,0.952169007166207,0.1165666126149242,0.30632092124251314
0,1.0131344723390572,0.2251758836831464,0.44615017102235005
0,0.9791085004826288,0.18822892016288786,0.28071986201108107
0,0.9417536725768048,0.209192763220249,0.2876536939069207
0,0.9398267694499998,0.13995477285867644,0.36565398496765367
0,0.9888451042258871,0.17562547409991702,0.32944466508311576
0,0.9637300797232033,0.16080692549994677,0.28470305050650196
0,0.9518862128526053,0.14698700990857327,0.2879287995109152
0,0.996764966609653,0.23916663939511326,0.24193761888891924
0,0.9805638346562162,0.17080079165986628,0.3795034499650802
0,0.9968104118578685,0.1552349833334264,0.24021283545200975
0,0.9587115891222696,0.2023784626094944,0.43484825256872356
0,0.9598357567568775,0.1317430888153289,0.2436310584408159
0,0.9825208050434278,0.1973145434245751,0.23073027825616232
0,0.9945167326458135,0.16516400625725378,0.33541977472050943
0,1.0376321081640703,0.18144643885467468,0.40579739566142903
0,0.9651275380595161,0.13989450548480983,0.2798692541568953
0,0.9859604278438066,0.2928335167412186,0.3014860847576009
0,0.9691606063602838,0.13264604880443495,0.25674042963469074
0,0.9900945947672287,0.1274065800401049,0.3144236757854212
0,0.9822887525533761,0.1302114695938896,0.43446108948849654
0,0.9589559558344182,0.18264311822756507,0.31999286073107136
0,0.9517390556824408,0.16036422878062634,0.27447574416014486
0,0.9783758880342843,0.14292074873858782,0.33723310784660343
0,0.9918730142844719,0.16579880607082784,0.31355291600341983
0,1.077928494873946,0.24743391941152956,0.38560375868640423
0,0.9409009817971122,0.1365562382838203,0.33168904471121413
0,1.0095647453974554,0.1606259623781101,0.4433315260431942
0,0.9401968150819165,0.17702755833083525,0.45954278289118017
0,0.9570407757795045,0.1884332998735916,0.44271315703734887
0,0.9766854203634304,0.17233942985864745,0.3923258846439042
0,0.999109631571664,0.21246692937295922,0.5474768994196586
0,1.0249626256835875,0.20159267142251586,0.2824499894523625
0,0.9633592515112224,0.13665725779194324,0.2568607151175168
0,0.9857286573442401,0.16092430538380725,0.21051502002734224
0,0.9553633065166389,0.11916398828733671,0.28383749298895733
0,0.9893800842228133,0.1683126918017872,0.26251665294385934
0,0.9911567784172101,0.1936613197380559,0.31580611587136925
0,0.9574529835551098,0.13660412194505744,0.258963829997826
0,0.9619011844011321,0.11845550510573014,0.34864403626561424
0,1.0464444640646202,0.2123062708710135,0.38912445096054205
0,0.9644640766431671,0.11449802211055801,0.28640671719949967
0,0.9626163426422895,0.13509159271436286,0.24579028362963246
0,1.0175195960437926,0.2506835303610245,0.23166340478617767
0,1.0486679445382838,0.18373390058924088,0.3487167368964506
0,0.9528800354764871,0.1251818890133234,0.2875117717417723
0,1.0313182103903227,0.18607871535457474,0.2703476139627514
0,1.026035683862619,0.15824034456424727,0.35688214849838207
0,0.9766970253381172,0.2300800470902411,0.33340979051935865
0,0.9709258623380549,0.1428348227642922,0.24590968385575301
0,0.9876356246039251,0.16824334727277104,0.2629247901916324
0,0.9690566745150873,0.2203882431721904,0.23207429034498686
0,0.968682958382937,0.12491920547201459,0.27060873980135786
0,0.9575916073619687,0.14671215487576694,0.3463724596417079
0,1.003678511543718,0.1543658591961795,0.2533309359915887
0,0.9458056151474532,0.1401942963378054,0.3055520453400194
0,0.9922372014842661,0.13997269547206254,0.24557260336454703
0,0.984023673710797,0.15303307927760987,0.33046182907960847
0,0.9887459326872973,0.1535710219359503,0.27611912073792744
0,0.9534495833338231,0.15048596325365587,0.3194329892763259
0,0.9699251672278613,0.16070680811071775,0.24658467542297502
0,0.9484906116329459,0.1295243488507317,0.3735158994333017
0,0.9473472663314237,0.1871000857666714,0.4106301237924592
0,0.9620575641571035,0.16823009721173862,0.2766434768079719
0,0.9907072048739404,0.18566593095557357,0.39543479383534424
0,0.974731813930548,0.17416393542474307,0.27545043584953477
0,0.9702724926018567,0.14363104227339532,0.31646267728503763
0,1.0474746390972909,0.21349785917966488,0.3075780259960346
0,0.982288767646025,0.2017520332674576,0.3527900326672151
0,1.09324162614338,0.23431759217403691,0.5795938524067635
0,0.9702425615741193,0.17744492319591182,0.2583503126594597
0,0.9934742339071294,0.22159018286966933,0.27560886034495624
0,0.9564892754071083,0.10650259747816955,0.2729376444101551
0,0.9809754040392494,0.15344093638994818,0.2566467192854926
0,1.0186548657187229,0.19813344565255508,0.2186682806831412
0,1.0040384176617996,0.1537278324321521,0.25748382206776627
0,1.06750019550428,0.285481783102597,0.2665011959087488
0,0.9941354402405265,0.20023295355732498,0.5083103862218021
0,0.9598736462327296,0.16236093395621853,0.2502179168800261
0,0.9797212674421555,0.14430067266281044,0.2583826559912229
0,1.0602964851479544,0.22211089016911673,0.23563060961712426
0,1.0112785487187288,0.13964189643393737,0.3403643867983315
0,0.9745631965385184,0.1647087080374227,0.4003416305284097
0,1.0368942390574947,0.39249205862145076,0.3059976084314362
0,0.9748367725095894,0.15923586597205752,0.38743898328906323
0,0.9826153151272307,0.18528888280516295,0.2743718224551017
0,0.9987916581504541,0.15740012701016035,0.2804256612796983
0,0.9518784743946888,0.1307502909647945,0.27851574616293695
0,0.9756412170116096,0.18068896348134833,0.24708761407782925
0,1.0107951429181157,0.17453260499189316,0.4354429384568769
0,0.9940420812828333,0.16531709804145192,0.2398909215691439
0,1.0011929982702006,0.15443034469437825,0.34191396219300985
0,1.0101566202174213,0.18456720001147467,0.2771630183831074
0,0.9272857747914786,0.2937820503369476,0.7247409765162793
0,0.944372977328845,0.16701478213721632,0.3511429958338508
0,1.010434681981089,0.1774117971338385,0.19560362566827455
0,1.0053993634950569,0.16021135045034146,0.38538447987157537
0,0.9677052527268112,0.1352048064605939,0.24054017466001607
0,1.065171045973983,0.2032010043793501,0.41378863113654346
0,0.9503802386484693,0.13792067365084895,0.3188241093620729
0,0.958715156178187,0.13079020734237382,0.28196738454253084
0,1.0415560828115948,0.19646857458111308,0.41595093644946385
0,1.0208792019688404,0.18889448356672653,0.408875080516306
0,0.9455755211413135,0.12915567646470497,0.3362035687210881
0,0.9565510949790411,0.11631074330788516,0.36048165315688635
0,1.0302754702811403,0.2026088197715574,0.24499098038204434
0,0.9433707978603969,0.11604762197980056,0.300295495087834
0,0.9605820992712788,0.16820771101983636,0.3847336916203036
0,0.9472529893441881,0.1660818851993722,0.2996455192003737
0,0.9565727818082853,0.14985550673176184,0.2732495574603641
0,0.9535953595655036,0.18941817258201527,0.30315315998065573
0,0.9833127205443912,0.17317154666487916,0.24209933511002787
0,0.9690412667867078,0.15496642610091896,0.34995698076609405
0,1.0391421023928038,0.2471293870591001,0.2381789851937301
0,1.0463576405344637,0.23880707473993906,0.286837546515578
0,0.979849320215248,0.1519392278262128,0.20355911765149387
0,0.9907831074131254,0.23134698760217237,0.3444316217978704
0,0.9769062605531117,0.14165617198002423,0.3290679038407043
0,0.9992026474920326,0.17299210483841063,0.22741870536518344
0,0.9858791184958435,0.22609510845902722,0.3393263023412341
0,1.0770013994099616,0.222989948263526,0.4200378322537326
0,0.9836640302435975,0.14185425294367898,0.2460991603059312
0,1.0493398148857742,0.17789806478042702,0.3590191038140704
0,0.9520062144431961,0.15085853856426487,0.29667608889563907
0,0.9421060478528467,0.1439312210765158,0.417896160423132
0,0.9434802920933831,0.19950894320583773,0.40557085030658335
0,0.9594401549824378,0.18104526176268054,0.26808527101950996
0,0.9661503368379726,0.14182412433822547,0.3305078512834643
0,1.0550762022136686,0.24231756165759283,0.5085474233694237
0,0.9861230006236711,0.1532187645911089,0.2148535525479155
0,0.9976670528744733,0.22097665736136543,0.3625533172203275
0,0.947961354708761,0.1386988535947588,0.3042119472274476
0,1.0407611926736684,0.18631985394758158,0.3293749366039946
0,0.9689061685036444,0.14293076186879194,0.2788662589736624
0,1.0107588812854624,0.25468394670767774,0.44595688000013356
0,0.9652903331202858,0.14651850533319685,0.34511030457557645
0,1.0193833805503594,0.2050785415754765,0.4641560099350082
0,1.008450906051178,0.1474934019095309,0.37922618730760815
0,0.9478224904812681,0.12089453969501227,0.3035999724940785
0,0.9720564659251136,0.1402203513511937,0.21685339311928872
0,0.9471750008971493,0.1207231457615713,0.2960134995740877
0,1.00616763697709,0.17894265765283965,0.34391803190557635
0,1.0111796423376915,0.16117247068045568,0.2778860039689865
0,0.9477164964105227,0.20820198489440966,0.37732255614906285
0,0.9219879929102959,0.1394367854388454,0.43049808217699953
0,0.9517197567745813,0.13870719966139308,0.34422164539139743
0,0.9703020268744982,0.14827963524194596,0.43555172473000636
0,0.9682082951526162,0.13878701790835898,0.40401612229799655
0,0.9195048526542413,0.2264987482731716,0.5913915194983439
0,1.0143021809563344,0.18155661464294848,0.24814678963433964
0,0.9554151206535313,0.1940662106693864,0.4510367935521317
0,0.9485790271791021,0.16330564705781458,0.30700651170516924
0,1.0163128460372577,0.16848649777658142,0.4397061959990519
0,0.9767050766971332,0.13667854420801664,0.3103241647165493
0,0.9738575647180145,0.17497971346769797,0.25281717866100684
0,1.01160505747838,0.15839735643683117,0.31163279534328336
0,0.9368371470685829,0.15525210714585044,0.4036601897165189
0,0.9866030115262143,0.23019077522578624,0.25121853855283444
0,0.9552937117703095,0.16423444550304414,0.3009848265328901
0,0.9939151358565496,0.25868376746556676,0.25135471219981953
0,0.9754063748450387,0.27768608653371946,0.36474731783054126
0,1.0358299136693743,0.2075537222218808,0.23134330264832903
0,0.9926883816046274,0.17122608764792474,0.28078941750528524
0,0.9625740863321206,0.16729790264853506,0.2999704531820675
0,1.0384927695673207,0.1729580808713712,0.38711016850435476
0,0.9741094198823895,0.17556391662347456,0.3225079827742793
0,0.9714821463773489,0.1786650151737185,0.28288080775657376
0,1.0440181855258914,0.22855688855584994,0.455478476232379
0,1.0092307110162897,0.17841580429670947,0.25750395786306535
0,0.9827169784642115,0.2678373739011505,0.28870520330367366
0,0.9545695226877711,0.11083186716716344,0.28840824375316243
0,0.9487102924497145,0.13366342576395635,0.33758787572631505
0,0.9636824058868354,0.16506930170031758,0.25575927651112107
0,0.96225938633452,0.14182969775545695,0.2559417479012692
0,0.985037679706729,0.14360347118134362,0.3667025223203539
0,0.9612611575077888,0.1103555247754052,0.33623863415088556
0,1.0437827526139205,0.22834389791804074,0.2846508640605995
0,1.000049067504023,0.21680844468776753,0.283623710256633
0,0.9507753391367899,0.10498031524779644,0.3021115440870741
0,0.9629056797876182,0.15948195016816288,0.25567895567369264
0,1.0009932296691197,0.1740031224129747,0.39913627545016456
0,0.9530637765526537,0.13225913261660405,0.3943515791611205
0,1.0300297311717816,0.2267896970769041,0.3561853729919437
0,0.9816982601479194,0.18556175568999236,0.2314778088477969
0,0.9512853100773542,0.15295471613318826,0.34696031501262103
0,0.954805014338613,0.12738743565541838,0.27470605103679546
0,0.9556886667635296,0.1729265684735026,0.5797768080115954
0,1.0002925954413926,0.18165493916594086,0.22735786882850142
0,0.9765596278035408,0.17791493144570156,0.2792571734081349
0,0.9823007586458467,0.1930852942984592,0.3035096509201332
0,0.9785445498012614,0.16961685120362813,0.26474115333543957
0,0.9871866971155885,0.1852339327563427,0.3873536062742826
0,0.9841549180740276,0.1659512057461349,0.22446153586157847
0,0.9868372834857817,0.16264445778527045,0.20709628827864762
0,0.9532342611815516,0.1242621914431007,0.37430352484070045
0,0.9945721721313653,0.16204407535964727,0.337784812122383
0,0.9715300891383932,0.15136064207681038,0.2548011335840621
0,0.9443610429800366,0.17106690371567473,0.4506212411968814
0,1.0713285550411333,0.339201643540491,0.29763232187994804
0,0.9437950114015287,0.1152161393971137,0.37954083156475016
0,0.9810290434745017,0.13408346298110912,0.29819343781124336
0,0.9797233771448988,0.17802843230873444,0.23428644723720038
0,1.0538700721935166,0.22231960079716245,0.4804163825660338
0,0.9997690337900125,0.17085265493713808,0.3866942839935888
0,1.0299862630503993,0.1604279866085195,0.40005104190154583
0,0.9740394032415431,0.13279672930387942,0.4610599381301389
0,0.9653255479673366,0.16081546559201643,0.25447810308048807
0,0.9470135907037508,0.10925374852368516,0.2914104926775848
0,0.9501859310029277,0.14618678838905055,0.28963740990794296
0,1.0054713927754348,0.14480852086016835,0.33775273116940424
0,0.9542544062540718,0.11860094303162143,0.2950230963147587
0,0.9587405439297615,0.15298794915388914,0.26537463409262474
0,0.9747078155385833,0.141002559341028,0.43556347250418304
0,1.0162794651084976,0.1786989829900822,0.2410768788057455
0,0.9869385671432491,0.1454287500367882,0.29241730849246966
0,0.9740741801904984,0.1250326210938656,0.3826369790523092
0,1.0323024619913819,0.17668797845680448,0.2773051417325075
0,0.954497809541654,0.1315501207940092,0.2615644217709692
0,0.9681434055632394,0.13144258722914412,0.23723419840817106
0,0.9645455021211679,0.19614386497184488,0.30093814733198915
0,0.9885612111773728,0.13535502236241836,0.3322637535556685
0,0.9713600415094238,0.12668421603596972,0.2184092806405869
0,0.9473276447014971,0.1839349567688114,0.5147288434227231
0,1.0154471719673341,0.18195386861949564,0.22613875959918364
0,0.9652108030016495,0.13548830732969336,0.25474630917950336
0,1.0040651930393398,0.15903983927054785,0.3013561015634358
0,0.9518350155985362,0.12680916882757995,0.30870500558194197
0,0.9840958010755043,0.20982906536195603,0.49963797775743474
0,0.9666306444536271,0.14487628984797482,0.3161842272214173
0,0.9491198241439571,0.13621167952692256,0.30018348677606743
0,0.9770735386497019,0.12899737512170673,0.23966732646996983
0,0.9685947892922,0.16128486037603632,0.28495089365982695
0,0.9924373514067583,0.19813097931089482,0.32306431183061723
0,0.9626749731644654,0.15490653985080252,0.281434480149349
0,0.9936732254091055,0.1722624317935666,0.3779941906766029
0,0.9904186956944001,0.15273491144701515,0.4234204430690362
0,0.9701737314359025,0.14935023856950191,0.45222641782737133
0,0.9899542893396903,0.18773288634099805,0.3256283260234407
0,1.0645496021233685,0.22113577925029376,0.3048417553142437
0,0.9649636412785101,0.12531685469148562,0.2634595787090211
0,1.0007095928817258,0.16197164313926274,0.3170791911063737
0,0.9643704021488371,0.11414778989074101,0.2886150901537739
0,0.9639387644640955,0.14012046431754208,0.2506665835244902
0,0.9813004585735385,0.1436016603706337,0.3609467309222472
0,0.9602224674309933,0.16856124971051095,0.29611433020933525
0,0.9492896511143251,0.18401843962594627,0.5037629611768445
0,1.0679432895474155,0.1949990941885921,0.4835615876603294
0,0.9757218046556625,0.1358044075593393,0.24996953158909502
0,1.0250075905360443,0.18459481749375412,0.3469730779874498
0,0.9485353013170529,0.1427226692151512,0.3736467413283918
0,0.9817761560375172,0.14485646295761528,0.23701787797332843
0,0.9694455692507585,0.1540187419875258,0.23446315492760533
0,1.0057371144916911,0.18462981799605047,0.30763513455706454
0,1.0915674539613858,0.2444242189567943,0.4895788807738312
0,0.9502493918640674,0.160894601797943,0.2721461822917346
0,1.0013608679368244,0.1444025216376773,0.2907712843782018
0,1.008541385327633,0.24580256969039568,0.47706137739527166
0,0.992459946826285,0.2643819248540765,0.32025085110683565
0,1.064835249173253,0.21057044396148838,0.32936522980241445
0,0.9851067425868283,0.1236159725477579,0.3443612395075774
0,0.9871034148355933,0.13965138280286646,0.26499769955871616
0,0.954289706945699,0.27277556842377426,0.3664580661382418
0,0.968887282359258,0.18561386909041933,0.5276051323759764
0,0.9777824598932128,0.11668939566073026,0.38985458730043665
0,0.976221806540158,0.1131575119560419,0.3503207257058251
0,0.9932777467023333,0.23346667032096063,0.30045580465072164
0,1.0085002531165812,0.19284696826135422,0.3270044895135045
0,1.0574445311226635,0.23418867990393574,0.2759790724443579
0,0.9925468020483117,0.1803193113904336,0.3009392478101929
0,0.9531116549410259,0.18029800837387314,0.3530833358444838
0,1.0564909584374826,0.20406277774348472,0.4864689071510763
0,0.9525337470414408,0.13287988320724084,0.3053919347942215
0,0.9546944804583261,0.12547168487709062,0.25540255821629576
0,1.0058512150206327,0.1831073850621004,0.27450814018576575
0,0.976570638263242,0.16112195679723976,0.2174277378378076
0,1.0179010536568776,0.19344450702674104,0.2681093638739996
0,0.9801099316527119,0.15051204462905982,0.2526112589121401
0,0.9784846692899548,0.15143758705528715,0.24424443302675614
0,1.0620167650173085,0.21607751433882894,0.3579237794742042
0,1.0537542439119902,0.2197077562253835,0.2807341802437169
0,1.0214935550797697,0.20903937488479035,0.21454849561525405
0,0.9913197994703649,0.17838926241361744,0.36473756912894734
0,0.9919670754542711,0.24867035433123344,0.26872256207127027
0,1.0226619210167407,0.20836892162332715,0.2565861053386606
0,1.0308614456763103,0.20105234449245613,0.33059413341059163
0,0.9874590559582149,0.17046516764015354,0.25139055791336024
0,0.9450986348889051,0.16848378616278475,0.2992415893617295
0,0.9669297337764536,0.13047603796208898,0.22147585308040643
0,1.0562814786588606,0.22039320258735362,0.2993418293331317
0,0.9689682419161838,0.23890569553312332,0.27460899884591683
0,0.9804130048502568,0.15182317956631583,0.2336205524192212
0,1.0073820075059006,0.18721640355238525,0.2874870764346612
0,0.948253969334614,0.11133572351915146,0.30972854875142597
0,0.9920663891517536,0.14238176854542745,0.45156149394202805
0,0.9692826173507813,0.12440175086509347,0.24774887620672084
0,0.9951634912724618,0.17756073711951778,0.2621745478399051
0,0.9687599074512103,0.1089231899652025,0.32787189752235274
0,0.9698695229357769,0.22539161149879428,0.30360306294937484
0,0.9599011049023051,0.16333711391479858,0.3151216786024745
0,0.9792454948455621,0.1488368183814796,0.3717876614877825
0,0.9401098377359725,0.14366657395442398,0.4027533660859844
0,0.960691158731056,0.12133938888985699,0.24218955199801023
0,0.9954901260559568,0.15558246088514813,0.31189553766259276
0,1.0131078685270407,0.2723189676058899,0.2500550859339654
0,1.0155037559328848,0.20794927695138743,0.2604550560826831
0,0.9738327196559552,0.1434837675108794,0.199746425672965
0,0.9903609845940774,0.15005511802664545,0.22929473656721025
0,0.9734352895965749,0.15955151167424347,0.39720591985350245
0,0.964405822772704,0.11717721361228299,0.2582194129924176
0,0.9739726157962229,0.11688678210464597,0.27028724761547934
0,1.010926854811512,0.24703072196518278,0.2701851096283594
0,0.9388608728677127,0.11006255283649742,0.3053891336890879
0,0.9783321537360057,0.1602153615743845,0.20143446848496055
0,0.9632148260325062,0.12980208907349253,0.2303774665641573
0,0.9689880275304331,0.16933782515910953,0.2411024668840479
0,1.0363784194711316,0.19487526045128958,0.35642358993723894
0,1.0021500956311673,0.18715045574048675,0.23613298407202787
0,1.0360746755533783,0.18861970798628844,0.3132855852955472
0,1.0524512810968218,0.2164068141283867,0.3630161923277798
0,0.9731408489707146,0.14835635546690715,0.2093308551197736
0,0.9514427470491102,0.13780162923602352,0.37282025428995796
0,0.977642202726026,0.1636990958903402,0.2237228294694519
0,0.9927058108705384,0.16266611223063787,0.2160842542943273
0,0.9771452275289656,0.1459486261699248,0.3728233358196735
0,1.0351524616386703,0.24713590254834858,0.30020716647526496
0,0.9556452717267114,0.11959575410396422,0.28571053848006694
0,0.9501735044074895,0.14026352246666973,0.27180614652567026
0,0.9986741773397309,0.1899382324559768,0.3691370327111171
0,0.931008220695042,0.14508310511248304,0.48476909902284326
0,0.9632348783033206,0.14209509295604342,0.32960302491917465
0,0.9449282709604796,0.18595958047031674,0.314812002889515
0,1.0290502600436047,0.17924319119838564,0.2513802086808581
0,0.9797081819897362,0.14989366090828113,0.32836381765899253
0,0.9771672358210429,0.165867346636159,0.2527748319088572
0,0.9403473554363496,0.1623123615911716,0.40403109481480726
0,0.9561171719133571,0.163996129901131,0.30115254956788945
0,0.936055509872367,0.14050997089231995,0.33395018191823966
0,0.9587243225121884,0.13451736419105204,0.3013409510268855
0,0.945290957830127,0.10902690150562593,0.2777147360318794
0,0.968561129432988,0.14541197253371088,0.2722016730030576
0,0.9672613725012125,0.16352511758660326,0.27512511466638656
0,1.0261474919747082,0.21751024585786308,0.22359764064604415
0,1.0769764987654518,0.20326050132251347,0.43534730907007557
0,0.9817659809940513,0.18363225077507928,0.31902083901256345
0,1.0106596828937413,0.186433233617092,0.26250841731616714
0,0.9713445385569077,0.14505928619796069,0.20754434571525895
0,1.0334496032815812,0.18036622709807007,0.3453401376799161
0,0.9878754976914815,0.25710116336956645,0.2997039068516892
0,0.9503307877708687,0.12527671139496643,0.3553166245784727
0,0.9753906632455998,0.12569126544009337,0.3301180504211533
0,0.9823633615720727,0.19706850824593777,0.2925422297437672
0,1.0059462717381256,0.1681793800800931,0.3285930716825905
0,0.9456209173330583,0.13627817579287657,0.294835196263176
0,0.9833798330322989,0.16960293861568537,0.2105777220641601
0,0.9545470189418874,0.2216615757559328,0.2893705666849783
0,0.9848866205730119,0.19636864914038138,0.22281154276019213
0,0.9513367073748614,0.15445093259835382,0.2740557249357804
0,1.0413632594614648,0.2384645041135748,0.26751146111789814
0,1.0419045295373435,0.26732664249114024,0.41473467207133397
0,0.9740930204392599,0.18679009262249913,0.29772271299343817
0,1.0036453029359342,0.13566526119245034,0.34788371262729717
0,0.9636910034283859,0.15956680785196886,0.3616795210657186
0,0.9938934957118718,0.24612353864007452,0.2531312709196359
0,0.9818827506311226,0.15459709468448685,0.24427053941208468
0,1.0080094018473007,0.2110390321049525,0.30221338986236584
0,1.0187845759830747,0.20476056506056137,0.25902899557936465
0,0.9827648972512649,0.153097686509828,0.21464339389361903
0,0.9948083146709887,0.15078648177443077,0.20548774169668754
0,0.9982221854056622,0.14146360368743688,0.3690538620888532
0,0.9898502885017378,0.19163161330031714,0.2983298652999871
0,0.9962867605190961,0.18164531866041075,0.31074418708828455
0,1.0129245569839895,0.7819954090144444,0.5033821688833195
0,0.9280674467429546,0.13933206878525434,0.4335348095179092
0,0.9458148441068275,0.13161280982331827,0.3193618687943847
0,0.9784325063630629,0.1460263177817769,0.23568249819945358
0,1.0158129819141106,0.1672745456795413,0.276760619511824
0,0.9548245728757576,0.26447078038549726,0.3907719170939842
0,0.9912294938707431,0.16909800508176961,0.1979477349946723
0,0.9679787293824527,0.16753867835780178,0.2916583458076186
0,0.9807196079061044,0.16138209112096205,0.2955076862523808
0,0.9580197203345315,0.15035896944589106,0.33759274670746964
0,0.9924445538421593,0.13271229192672443,0.41041402752987516
0,1.007383845080947,0.18287936932448798,0.5403572335793391
0,1.015533685901726,0.17790047918181393,0.3037554399509272
0,0.9803572124253609,0.18191927734543853,0.2236168810376772
0,0.9679674580697731,0.17076141657610255,0.439962656127298
0,0.9636173468192524,0.16635342209699447,0.24679734780792184
0,0.963315745359304,0.13676753788854823,0.3513639260202014
0,0.9721182027029064,0.17353019377370726,0.28134269849106597
0,0.959407109473489,0.11162676636043617,0.30522306416584444
0,0.9545200387710403,0.12872121470556125,0.32658205366845683
0,0.9920219576572776,0.24855076171549928,0.2366521917272384
0,0.9633954004718578,0.13015875153593803,0.29729963939443615
0,0.966416566382818,0.1680440358581268,0.2536172360468323
0,0.9860570097637352,0.171274310954057,0.28068459131295354
0,0.9976786036564116,0.17206883557503838,0.2912717348823051
0,0.944773349078298,0.15039616644704237,0.3035176923346587
0,0.9426794507460363,0.12920498744382783,0.3769235154028395
0,0.9773251033293276,0.15804985913287622,0.2630111069855225
0,0.9622407043235214,0.12384077340624422,0.3539387117246551
0,1.0092119129838826,0.20774502426214614,0.3217730651193672
0,0.9480600531954188,0.1393805290335757,0.29562621857591964
0,0.9414083263022271,0.14039018020459545,0.3273755911002416
0,0.987489476446497,0.1400312730693708,0.24021297199262875
0,0.9873074270979479,0.1897478703894948,0.3330278148286886
0,0.9812538192504723,0.2851357333889215,0.3267736146054154
0,1.0760631735953803,0.2454198242570071,0.3580391173066895
0,1.056086760285034,0.23466459244554094,0.2927111289275109
0,0.9635057085033345,0.1845015428914051,0.30668248436708306
0,0.9612914499999619,0.16123329352896654,0.28998755067498794
0,0.9571276507149185,0.1533569721360605,0.2996377466223124
0,0.960966706034707,0.15308784529447583,0.2986421792275138
0,1.041336444392741,0.2081721323807596,0.39496185099061654
0,0.9686586090075389,0.14033569428109505,0.24697843954557322
0,1.0213158780138707,0.2609114117849674,0.327634887372504
0,0.9568504715084386,0.12391975514342089,0.2294959774278348
0,1.0068284673769694,0.13337956253128913,0.3272637146242369
0,0.948519329658643,0.1879241490139153,0.5846087783248516
0,1.077890012619374,0.25243011368321194,0.2930090520874721
0,0.9749147629292607,0.1489632543339765,0.267281157043229
0,0.9781854873042479,0.17251601979305858,0.35005026463989214
0,1.0828686779663534,0.24741600219814777,0.3354844879617158
0,1.0644115530063962,0.23904152371402287,0.30354777425545
0,0.9725270412997696,0.14362614547039546,0.3197355253168624
0,0.9807135136793088,0.11676228827727946,0.34461837898389236
0,0.9645812983041344,0.13623684842461964,0.2640443658251167
0,1.1780212053699595,0.3052937964922757,0.44969163444399607
0,0.9482494825190623,0.14637265050029707,0.2913791183174229
0,1.055242904875409,0.21517295911619044,0.3542461440297341
0,0.9408884779026536,0.13275000821868022,0.34104323551081783
0,0.9860725679762505,0.18140020176541582,0.43720150373971967
0,0.9496481260465935,0.12907606450152612,0.2832485178885814
0,0.9844702853733264,0.15378892551988807,0.39607770068048537
0,0.9423089213573372,0.16579136129914152,0.47743909312472604
0,0.9974315023411313,0.15178579012000556,0.33428907745741593
0,0.9924691148599264,0.16428669446206287,0.25723441401711145
0,0.9566713384168044,0.157498231151137,0.3284509299812795
0,1.0172727441699656,0.19106010219795463,0.24619734551657305
0,0.9714634647357709,0.16634800561639917,0.2701889681859329
0,0.9932205586041805,0.14436225288107676,0.3408927200796602
0,0.9837021996054315,0.1303133908312392,0.3221231950002595
0,1.0561159353258802,0.20972965152322207,0.34700037992607363
0,0.981046952096752,0.20803908898693466,0.37061372570867596
0,0.994073678053731,0.14319140577049025,0.3014435858890266
0,0.9388945749365232,0.12440780854776354,0.35451263097849744
0,0.9729996618332185,0.14870835639707053,0.2649763342580388
0,0.9767841039603313,0.15733064268813413,0.29681623673841995
0,0.9896588481610933,0.17720276172016886,0.22638973501747167
0,0.9896104942390023,0.1474386715313838,0.3197924245643229
0,1.0604292832228635,0.21597935873520355,0.2820849501809844
0,0.9776793947816913,0.145085772966814,0.26029405377950166
0,1.0032128321886051,0.14993171188336765,0.3982682161670748
0,1.0471387849657792,0.22029259472293583,0.34235920673955245
0,0.9526598339334797,0.12087620289803457,0.32673181329041345
0,0.9451029830879227,0.17297696531731857,0.3264887260180111
0,0.9494228327389606,0.16185650145000718,0.4216422384313099
0,1.0380089032560307,0.18954341503496197,0.2802258787854968
0,0.9764197147861537,0.16085436126727493,0.36042998394555487
0,0.9825511270984311,0.13943592798529278,0.2782595811604752
0,1.061783905130595,0.24910944365290133,0.2533132581428805
0,0.9836652231521102,0.17648841527018552,0.5443982613027446
0,0.970042054972085,0.18604150349552098,0.37632489491395366
0,0.9617777075537071,0.1635439190518104,0.29236810854692874
0,1.0114729604540558,0.15780935319812736,0.2716864788285282
0,0.9659894172103937,0.21967316512055649,0.4299168215676484
0,1.0024536775568489,0.23416089839641754,0.3438437455415246
0,0.9864138117213413,0.17205183644112712,0.31770073580887215
0,1.0160276950532743,0.1967827968807837,0.3574646284225636
0,0.9665827587328385,0.19964490010727162,0.34872339963146987
0,0.9446209730712131,0.18326511817094499,0.4097869310155438
0,0.9408623578283929,0.19605041051671623,0.41111606355533664
0,0.972663367025088,0.17078269990643113,0.4711468861160266
0,0.9800197358836101,0.20797872830822042,0.4642132828100117
0,0.990022073730264,0.1446378357520666,0.2830923278097563
0,0.99610352076515,0.19260266280774865,0.22024988162724113
0,0.9553392641563888,0.18278030248518748,0.45061814229299185
0,1.0129889707432862,0.2024176245884203,0.21996427211494707
0,0.9960998136018552,0.18608185968986796,0.24189303026186912
0,1.0297296868062848,0.18243139708581058,0.316161564114228
0,1.0175029374518663,0.18692696553467042,0.31171181893540595
0,0.9666296177553333,0.25100711241659057,0.4547594867767688
0,0.9478904792291579,0.1303919570327651,0.4688766660015839
0,0.9377447497413921,0.14386487224226527,0.41780937943807794
0,0.9902637093451185,0.16966479353440556,0.21413126553350667
0,0.9760359253053528,0.17038773322294817,0.25399142790288126
0,0.964609521866552,0.15077738309709912,0.25750272525526496
0,0.9981864078827403,0.15745635755417023,0.2303598902453502
0,1.0564787641942905,0.2323882317284986,0.4393764769103046
0,1.025293193499864,0.17357800539434098,0.28875509181859976
0,0.9746055378871715,0.13866881376553922,0.28185170833849205
0,0.9631651970494107,0.12757009080398737,0.27055176857545105
0,1.017283721599221,0.21379481497811662,0.4196705105442514
0,0.955301395434028,0.13797089968899368,0.32247530715375944
0,1.002447171953952,0.2022401513410939,0.23031327262168808
0,0.9989032005263048,0.16223752601865088,0.3224344508630049
0,0.9920491281036118,0.17574696122839986,0.21981921371444782
0,0.9686559155973783,0.1376600038136153,0.27766344859000863
0,1.0681308123260524,0.2675584513161393,0.3444489187891194
0,0.9524819765785757,0.1887477823463268,0.33711518700977017
0,0.9489105803356124,0.17425653402302546,0.3878262565984503
0,0.9729269835535056,0.1424769640030211,0.3659591115905043
0,0.9510363801773176,0.1415338495718971,0.376740352831363
0,0.9809937286044623,0.17485541790777354,0.25969205533676615
0,0.9793440720567492,0.15486478725144456,0.31581942972401517
0,0.959860740650712,0.13406773412413234,0.2514786000438243
0,1.021278642270766,0.1896544016994537,0.2270645433223837
0,0.9672889581095041,0.11220381959145703,0.3616672797902086
0,0.9969186910769607,0.2622797001611287,0.25322097679368993
0,0.9547922855019736,0.14863716580682756,0.2962094765010012
0,0.9460155763236762,0.12021738578999736,0.3172491449803198
0,0.9713204735555542,0.14633291556830785,0.32117000005063145
0,0.9523366934813012,0.16831166944051554,0.27794264283173764
0,1.0007078275916859,0.27921965401330545,0.3338955484045645
0,0.984968568867725,0.16886799038291253,0.3447704287382269
0,0.994581538177297,0.1719426676704234,0.25386856082805476
0,0.966332754435291,0.12554718134984286,0.3473048164130671
0,0.9512271770094143,0.13395678765759758,0.40019385793673434
0,0.9667318041753571,0.11018208972375819,0.3667944579692498
0,0.9745494499285229,0.16950118583660065,0.24529516266560397
0,0.9853071128581168,0.13693543229237626,0.2755905026579616
0,0.9918550028302784,0.16883144297175343,0.4716536131106566
0,1.0195637199568188,0.2337187625395615,0.3244207856462808
0,1.0042458918910742,0.1943206727867919,0.27476360370279274
0,1.003443905851515,0.2143304376837535,0.28073895802006477
0,1.009727510764072,0.19067790870101348,0.2910072757766302
0,0.9782708575889718,0.19915904082219732,0.2730758151106303
0,1.0073212025516378,0.17991483065501476,0.32668510411534313
0,0.9623151448458444,0.16430466186146805,0.43020439144561107
0,0.9645981629826258,0.25109083831294615,0.40183155825057837
0,1.0560764487400998,0.19655948593694728,0.34623259283870905
0,0.9881392689446129,0.14754001267073052,0.3201277172304239
0,0.9776120324906794,0.2708561181082647,0.31268404679970796
0,0.979385789925903,0.19152438852493028,0.2317415259580724
0,0.9944434499741318,0.1625752240926779,0.43420709724129625
0,0.9725032677433946,0.19088523448448882,0.32452818979643666
0,0.9696498165294196,0.1526425620810535,0.27550909212697844
0,1.0244008400120221,0.20467712043704359,0.27772834457092976
0,0.9650623008638225,0.1571623574154115,0.2581526656572114
0,0.9787101281957001,0.1825379040043471,0.24914666882693115
0,0.9752404968041363,0.14808423000029994,0.29626998516030495
0,0.9473851496773897,0.16981943802110983,0.37771052695477153
0,0.968053542247988,0.17146083339683593,0.48766993378864837
0,0.9433935833837551,0.14805217240650487,0.4304987010650674
0,1.0631647335528904,0.1949322022973491,0.33859428137820546
0,1.0340929038714182,0.16661028037760087,0.39665535268488306
0,0.9393172424970728,0.1499915197841357,0.4097395745186631
0,0.9940126125942685,0.15517939453395632,0.4222401327676849
0,0.9727123653255014,0.1797903929512345,0.2818794725794821
0,0.9637115126287178,0.16797895479560693,0.2749776669185765
0,0.9888607495261144,0.14388879235835692,0.23556992298420176
0,1.0380300833148588,0.18236510170764128,0.30550462535337
0,0.9638196595240979,0.21054723707243664,0.33040377104002616
0,0.953130046860769,0.1322519950463623,0.28832021873614244
0,0.9537638429535632,0.16816873297191964,0.46688053620134295
0,0.9692609823288373,0.2201412407048901,0.3191066105202408
0,0.9851402493215093,0.14736484336537034,0.29781887830659043
0,0.9478923345081971,0.1929437715209979,0.3818965277661921
0,0.9694148744817123,0.1266774000075678,0.29682638902712327
0,1.0979462361576098,0.24669332891925289,0.3344596967664437
0,0.9423436451860315,0.11824113458031692,0.35170398962993166
0,0.9689746005022724,0.1698312455147319,0.28361988145598865
0,0.9985595332133836,0.18998117386358107,0.2594542850036676
0,0.9931359879542018,0.17086021784315109,0.263929507870812
0,0.9903612512978724,0.22712369383915731,0.2578332769843489
0,0.9954658358809924,0.14477466285128981,0.2904702545939933
0,1.0260807816348538,0.1584283728928795,0.33860386862488767
0,0.9674581377934403,0.1395863741884288,0.2320977560353735
0,1.0687417457971353,0.22574616574559053,0.46765321752012506
0,0.9649360818937224,0.13602426061966919,0.27951941764678495
0,0.9601159269329392,0.10614191620880245,0.35271871510026176
0,1.05551752218779,0.19170603482611537,0.3128427233397928
0,1.0028614041693094,0.17759998576754762,0.19338895622511956
0,1.0549953982373084,0.22017393946085145,0.24882367450046625
0,1.0176666569451776,0.17246330314732752,0.2937447466757003
0,0.9457913841498674,0.2291154479643458,0.43581701341210016
0,0.9629582333028278,0.1554446170445861,0.2531621386976341
0,1.0649585333092406,0.2705334589937007,0.3882988918767881
0,0.9606374024997295,0.15902184874568603,0.2540250931754061
0,0.987317512368733,0.16959445138609136,0.256534667458001
0,0.9595944716108668,0.18117447963531635,0.26891690170222127
0,0.9543448771521201,0.13130433150415988,0.29581185263769594
0,0.9569050693174121,0.108983058359341,0.26021976091649823
0,1.0234232558171532,0.1879113570487415,0.5581718787717264
0,0.973812177295452,0.15439015259582411,0.24089677384969876
0,1.0386933093888753,0.21818025936337815,0.6734402091958615
0,0.9342438854181033,0.14106732447442874,0.41437517402657575
0,0.9668854925814715,0.12646000601689414,0.3314326701247718
0,1.0018647258094395,0.20229397112560157,0.274263384160561
0,0.9970906664817005,0.18613386999949275,0.34528573168678456
0,1.036314266430274,0.20087305320774795,0.32010708843981
0,0.9755825965165197,0.13061314233186602,0.2501720697762613
0,0.9882372413483992,0.2000533463076895,0.34513563214524356
0,0.9659407387686643,0.13199192835909945,0.21847000127729405
0,1.0488294059834185,0.2637637199269913,0.3218677687288812
0,0.9424037863190283,0.17356780033018335,0.45703177030606396
0,0.9636862224091216,0.1674553963368514,0.3197394880220575
0,0.960216887426675,0.11859997507476416,0.2717497033769785
0,0.948503944285093,0.10660650228319687,0.28728480310687426
0,0.9781859969208851,0.18389086533585142,0.26404798316881184
0,0.9868503066321226,0.13073942501203745,0.3396510532342304
0,0.9843791585135965,0.22474514388798728,0.5344711975798189
0,0.9562896292589239,0.1506985645412329,0.27286958897956765
0,0.9497844617543211,0.13772519471942302,0.27448017405618297
0,0.9524870846303156,0.15194205551098025,0.2932866040369491
0,0.9737283030466282,0.1739816410864912,0.35145293096574465
0,0.9665261605839511,0.1205731018533887,0.23476782136766644
0,1.0277737052208369,0.20022137751934654,0.2655686198229323
0,1.0590301689599455,0.1999302331110941,0.30693151331497365
0,0.9402886017399925,0.1380537533202128,0.3762906148027205
0,0.9585585719837011,0.1588702345292233,0.2764943691473904
0,1.0260399128205724,0.18492521381470536,0.23838685876797952
0,0.9928043670343403,0.1920786319118495,0.28581170569871994
0,0.966012168839231,0.16440935797132206,0.22565986572755056
0,0.9557211368161962,0.12652304596710368,0.259497141294642
0,0.975146891266616,0.20118969311190477,0.2566962700334309
0,1.0032545219299926,0.13754391332984073,0.42524087841299574
0,0.9604701770259141,0.1702624027488613,0.35561459304944737
0,0.9767773774577178,0.14770810754498484,0.2790969867860817
0,1.0101242649113795,0.1717945099599,0.227293362163064
0,0.9746276273230715,0.1723590986997133,0.2953044558320549
0,0.9689319130441998,0.15078282630496298,0.2839244489516968
0,0.9889252031684213,0.14489776164718035,0.28110024743291434
0,0.9901784886871118,0.1734126711296202,0.20156002474117976
0,0.9289929631766793,0.1692367938542263,0.4590032303991001
0,0.974775836459069,0.1175651878261059,0.2728583328442362
0,0.9901376319749665,0.23076090035221963,0.43933136842565634
0,1.0333761633942173,0.17037235488817057,0.3643112048735922
0,1.0000832441341727,0.21771278709824243,0.23382100858291116
0,0.9702485802118485,0.13260180399602292,0.20118016010373294
0,0.9402297193090825,0.13287344097533962,0.3600455041350265
0,1.0222310698852626,0.18665710344652245,0.28206657261565193
0,0.9993732279603185,0.48513300010917393,0.4520656605292262
0,0.9697420285864716,0.21795978497203314,0.6394011225207251
0,0.9441114751082819,0.21875343165427008,0.3239157827565007
0,1.02352707977544,0.18187176238785585,0.24514182011384242
0,1.0206995110588317,0.19117281755102813,0.22373984256147703
0,1.0184942141096829,0.2011414858786345,0.3056860173147078
0,0.9720623021935189,0.1415616816938606,0.30011514210495843
0,1.0495762903048254,0.23699753257327993,0.4729347135649184
0,1.0013584917905487,0.1642674487448539,0.2583234408386329
0,0.9568880957230553,0.19509355918829901,0.34656695141877675
0,1.0252237080850217,0.21026270179842863,0.3202618071492328
0,0.9692770245986955,0.13412382771012493,0.2234808822580134
0,1.061164456798031,0.19343154105093457,0.3542929963499009
0,0.9419602809798359,0.12219889134366,0.30671500612342867
0,0.9860725815394402,0.1610298847726226,0.29917233346719574
0,0.9989247066582195,0.13686518396593325,0.28725044598928867
0,0.961954931516453,0.15369388229757577,0.28708313282426473
0,1.014593151182226,0.1745603680147672,0.34003116470707834
0,0.9687820044091839,0.13149822656707036,0.3035640781639994
0,1.028441051019137,0.2069825616655917,0.40618414929166446
0,0.9871991562875018,0.14269564289291503,0.33561762907889575
0,1.0235159005401246,0.18860359771792687,0.32144172683713534
0,0.950174231874384,0.12038048886629243,0.2868068765877952
0,1.009891321075383,0.2091045580493737,0.2693336660810365
0,0.9762192611683588,0.1240547787559839,0.32669156918053815
0,0.9584756695965395,0.12466956913274456,0.3338410727652502
0,0.9777147416280969,0.1278970258282706,0.2918352842815257
0,0.9590799768071058,0.13085378369691103,0.26191994449593814
0,0.9764574032531198,0.15610041434624838,0.2221465577884768
0,0.9561643505011653,0.1074304447767656,0.3445853174555231
0,1.040307269095018,0.20520238934012872,0.33603282896023384
0,0.9669387424915303,0.1687089221546999,0.4991412398753655
0,0.9670486497674379,0.15125364857449944,0.4026255545257558
0,0.9336145050799046,0.12239686479164544,0.3632366834068216
0,0.9394377626093884,0.12136645190188065,0.34744088347556096
0,0.9874413081938204,0.1797474267184191,0.22380647586264044
0,0.9399878472451884,0.2427246940641043,0.3192294769448845
0,0.970882845060534,0.1731833539376547,0.34848274485810504
0,0.9888959299585567,0.17317446158768757,0.2474943309582862
0,0.9830850974392032,0.15123676428053862,0.2526686021998777
0,0.9796515027007472,0.256462546157941,0.28774562707847945
0,0.9701531358692542,0.12062074791398417,0.3492620162986907
0,1.0764080568881509,0.2997689806218305,0.4901986700177911
0,1.067872932940054,0.20307966291895901,0.40356029094691237
0,1.0066862872216893,0.14633755482512997,0.28460553842804676
0,0.957777827751735,0.16599144904319277,0.2908084159017805
0,0.9671893290544397,0.14578723423261553,0.22032157356597343
0,0.9875500423082221,0.17381632437721992,0.4092198086231774
0,0.9602476025180897,0.13169088075682286,0.2580354117021584
0,0.9499465779951407,0.1504547401190348,0.3380121957570054
0,0.9564294380596693,0.13704987980420874,0.25325967171828806
0,0.9301979918072032,0.17811945377422678,0.39623509989618916
0,0.9721760849145634,0.15734159562829889,0.2636161156201997
0,0.9673298029210787,0.1574665009615297,0.24694390681675638
0,0.9586887536380404,0.13580967663950166,0.24057580081312707
0,0.9698599644967804,0.16228229373470865,0.2948961332838607
0,0.9535686882664846,0.14787474684290292,0.2931707543988061
0,0.9902751480874167,0.1404471517169493,0.3130910227402619
0,0.9560598049239878,0.15162061729053602,0.3731096912963626
0,0.9601959430632069,0.14746495209557775,0.2815778525283136
0,0.943645096578167,0.15600966360348603,0.4612895930580932
0,0.9592890456791481,0.1771669133459644,0.29836916825189097
0,0.9699574238755221,0.16549862011768768,0.26443962234788343
0,0.9582255550504457,0.1568298349843887,0.2848130119397882
0,1.0071248852871153,0.16628535094280755,0.25717872482959386
0,1.0264636543869332,0.17213916918779967,0.3490465152748644
0,0.9813363176613792,0.16027753532983152,0.2945898235973456
0,0.9672027635914563,0.10680135474968883,0.3163294935835352
0,0.9800949340723083,0.16083069838468594,0.32245762773805536
0,0.9814487362164365,0.14884807245904133,0.21223102665786217
0,0.9798386905220206,0.1841120055042302,0.32076289201750646
0,0.9697137936908472,0.15772312861121968,0.249797949845673
0,0.9392436227635025,0.1526706226031028,0.36229319492614487
0,1.0124708531039504,0.1719289373540781,0.21872457701148768
0,0.9539019984786603,0.1716525810576354,0.35590413926285863
0,1.0037232968587604,0.26550430312842466,0.32948753345962933
0,0.9974197581506825,0.1802301890171987,0.36746273802724533
0,0.9934768879256267,0.1995299044807019,0.3276558500933474
0,1.0119599952090466,0.19438439504135374,0.2516879409083126
0,1.018498402916582,0.17227958390621295,0.3001459547877254
0,0.995590237228337,0.13926491690057866,0.310377777451035
0,0.9463791418385818,0.18338364264080967,0.2987640280317232
0,0.9470771289569598,0.16933371936773492,0.4773664367892258
0,1.001191145869937,0.19278466723164367,0.2584161843008469
0,0.9462439723118083,0.12591464884888381,0.35001314656042426
0,0.9571152612133335,0.1712248326405552,0.30249127383608787
0,1.0028990973953942,0.17079062174140514,0.2047292972016781
0,0.9923255528822353,0.2376550679945286,0.34755177136134624
0,0.9441932351456547,0.13605565053067264,0.3128919221715744
0,0.9796251543260923,0.1853873316838053,0.37024957418498305
0,0.9632301273529993,0.11709559139765775,0.26556294534083014
0,1.0321593085676444,0.23137088393376992,0.2464426575452398
0,0.9709202185375844,0.19784146408899794,0.3095873463670586
0,0.9986982960567496,0.15614763068060025,0.41075324314656164
0,0.9670810035642512,0.14039305723098977,0.267617586086242
0,1.0610228490285698,0.23428267366820013,0.2946324335869039
0,0.9707370738388651,0.155440184014432,0.23673329423229184
0,1.0019860058993333,0.15949415663733155,0.24638997026900059
0,0.9914971624978796,0.20391018052484228,0.2661062684535099
0,0.973098350821471,0.12173618408812026,0.302280826234682
0,0.9664531070460808,0.21595880691434866,0.35676436570769865
0,0.9754918729726403,0.1430547563068866,0.44235633969782745
0,0.9848802204675822,0.13186224837342447,0.328189655952782
0,0.9617756169004612,0.13267273284380068,0.28553661728780516
0,1.0513230247160266,0.24235642309838187,0.374416866295378
0,0.9913861969178391,0.17525881104512686,0.5385337480401906
0,0.9480892494207367,0.1494165812455869,0.3912372738560839
0,1.0392929024495263,0.18631034853859957,0.37735937811707515
0,1.0343467840609624,0.24743448620740668,0.606374019028616
0,0.989636199339403,0.18167243148756143,0.38438933977729955
0,1.0016385089193327,0.15369694903713513,0.32589036032264895
0,0.9920566320441465,0.1660358651676917,0.22222712543339668
0,0.9935672005333629,0.1767375957782011,0.2804655770626739
0,0.9641209420318338,0.15188695303329158,0.2472174530413003
0,0.9880353482345404,0.15866504522466765,0.2269749051357044
0,0.9825270374601567,0.1683799048147601,0.23682303699926044
0,0.9539749563632662,0.12989695296149675,0.40939497107163086
0,0.9648976230745979,0.14477214240205422,0.3527614145952184
0,0.9741101175773176,0.2330525143835378,0.2466499847703672
0,0.9686362261941307,0.17135313684912518,0.3069264001704202
0,0.9673687734743808,0.21319694975187764,0.2892864411818518
0,0.9881573716995337,0.16987931363768238,0.28089684829251604
0,0.9740322870417292,0.18322848956177196,0.24947578641917637
0,0.9638634081874166,0.16996875338237216,0.46315948643416466
0,0.9563309681393153,0.14000526754294276,0.2721533177854632
0,1.0096697735981208,0.1724750531378751,0.4989812401100083
0,0.9403534076737218,0.16172245729999746,0.37556788391256674
0,1.0196884444446046,0.18920557714892672,0.35621482924335496
0,0.9605258030201972,0.16498885019917442,0.25794144389894447
0,0.977093242894781,0.13629362877464335,0.3179997301367563
0,1.0033035764566705,0.15340954452834726,0.35213210404744394
0,0.9921240516062565,0.14689395955484763,0.3549410669842265
0,0.9676303127462191,0.17563058216479033,0.2652617569789243
0,0.9563821045073039,0.13323368425295667,0.2560777236133611
0,1.0313623107669017,0.21385810171235964,0.39848583630999457
0,1.0039495355844201,0.13405578813049007,0.3568887747338709
0,1.0281582186214857,0.23010552019707392,0.4291326632156556
0,0.9550249401545574,0.15302676553127167,0.2998294134922649
0,0.9611129526788325,0.22044585471025535,0.3127969220825193
0,0.9586254951321058,0.1762780829127836,0.2843573698745894
0,0.9785994767528642,0.13166445527156384,0.2853486244976089
0,0.9683586640549224,0.14475397986040947,0.31995736113211354
0,0.9530275648484656,0.14049719840982133,0.31908974404152146
0,0.9741415520470572,0.15794792415908543,0.22442636865037022
0,0.9637837432294022,0.13886315959069787,0.24308509626729677
0,0.9664443098669769,0.15648729336937867,0.308232846557271
0,1.044747561412036,0.3474380228654538,0.3073678622544806
0,0.9562969398216522,0.1317606937167833,0.3097161044398038
0,0.9556566926203547,0.13533055081533385,0.2826411492663844
0,1.0101516079745505,0.13606661900722203,0.35726741943295304
0,0.9980506683062521,0.17804883086708845,0.28932025724676697
0,1.0117196440734582,0.22563374863048669,0.43449660737476203
0,1.0251088739988807,0.2428113001565134,0.467720999892423
0,0.9565176894631313,0.15471264885281674,0.27080465197845066
0,1.0314070172301186,0.18814802908636905,0.3443407404088601
0,1.0006842319416958,0.22000312410208372,0.28373956647347337
0,1.0116895734654894,0.17992419434867157,0.2304844660376102
0,0.9839177119720528,0.19402259411394196,0.26232155108266314
0,0.9732276179827146,0.1836618975384837,0.3690608514015323
0,1.0249070458145058,0.2639279119317748,0.3621896115589001
0,0.9365269709602434,0.13243636111572035,0.3968025505144607
0,0.955879879403665,0.1762175219526086,0.4943186843806558
0,0.9820792508446242,0.14063281089598625,0.2110451737189804
0,1.0135288196250485,0.1590136063148858,0.2786155970017568
0,0.9476334943015281,0.16001163179546288,0.2788599050575866
0,0.9520289778740832,0.20516689034758442,0.3189293497745685
0,1.0000522646575696,0.1500332158487808,0.31810212761893336
0,0.9918902604694892,0.1321490492043271,0.3460207371588415
0,0.9976991402267219,0.12740487060890596,0.34400000568253913
0,0.9669028252500601,0.11582172627465002,0.3143993943471176
0,0.9814580951321127,0.18663462301644854,0.2590284528402275
0,0.9893482399772238,0.16925956257460678,0.2805705884284239
0,0.957779445181333,0.1571588482796639,0.3722641757599237
0,1.0313608996326966,0.2691555663615289,0.27933197585204855
0,0.9933824491854197,0.1483976115934208,0.2345660621264544
0,0.9835164270619148,0.1500154940515097,0.3897049083210622
0,0.9901953574623913,0.1508996543294422,0.293618581920542
0,0.9682105732268146,0.17638898397903957,0.29479600114308113
0,0.9631767916943303,0.18916473051631863,0.34891859446682905
0,0.9654207168848524,0.1782635984613543,0.3218013886956585
